{
  "13th|2016": "tt5895028",
  "28 days later|2002": "tt0289043",
  "a separation|2011": "tt1832382",
  "after hours|1985": "tt0088680",
  "amour|2012": "tt1602620",
  "apocalypse now|1979": "tt0078788",
  "arrival|2016": "tt2543164",
  "babylon|2022": "tt10640346",
  "barbarian|2022": "tt15791034",
  "barbie|2023": "tt1517268",
  "barton fink|1991": "tt0101410",
  "battle of the sexes|2017": "tt4622630",
  "black swan|2010": "tt0947798",
  "blackkklansman|2018": "tt7349662",
  "blade runner 2049|2017": "tt1856101",
  "blue valentine|2010": "tt1120985",
  "boogie nights|1997": "tt0118749",
  "boyhood|2014": "tt1065073",
  "bram stoker s dracula|1992": "tt0103874",
  "brokeback mountain|2005": "tt0388795",
  "call me by your name|2017": "tt5776858",
  "certified copy|2010": "tt1020773",
  "children of men|2006": "tt0206634",
  "cinema paradiso|1988": "tt0095765",
  "citizen kane|1941": "tt0033467",
  "climax|2018": "tt8359848",
  "close encounters of the third kind|1977": "tt0075860",
  "coda|2021": "tt10366460",
  "columbus|2017": "tt5990474",
  "crash|1996": "tt0115964",
  "crimson peak|2015": "tt2554274",
  "cujo|1983": "tt0085382",
  "cure|1997": "tt0118928",
  "dazed and confused|1993": "tt0106677",
  "dead poets society|1989": "tt0097165",
  "death becomes her|1992": "tt0104070",
  "don t look up|2021": "tt11286314",
  "donnie darko|2001": "tt0246578",
  "drag me to hell|2009": "tt1127180",
  "drive my car|2021": "tt14035940",
  "dunkirk|2017": "tt5013056",
  "elle|2016": "tt3716530",
  "eternal sunshine of the spotless mind|2004": "tt0338013",
  "excalibur|1981": "tt0082348",
  "face off|1997": "tt0119094",
  "falling down|1993": "tt0106856",
  "final destination|2000": "tt0190415",
  "fire will come|2019": "tt9150372",
  "first cow|2019": "tt9231472",
  "first reformed|2017": "tt6053438",
  "frances ha|2012": "tt2347569",
  "ganja and hess|1973": "tt0068619",
  "gerald s game|2017": "tt3748172",
  "get out|2017": "tt5052448",
  "gone girl|2014": "tt2267998",
  "good time|2017": "tt4846232",
  "gravity|2013": "tt1454468",
  "henry portrait of a serial killer|1986": "tt0099763",
  "hereditary|2018": "tt7784604",
  "high noon|1952": "tt0044706",
  "in bruges|2008": "tt0780536",
  "in the mood for love|2000": "tt0118694",
  "inherent vice|2014": "tt1791528",
  "inside out|2015": "tt2096673",
  "interview with the vampire series|2022": "tt14921986",
  "into the wild|2007": "tt0758758",
  "it follows|2014": "tt3235888",
  "jaws|1975": "tt0073195",
  "john wick|2014": "tt2911666",
  "killers of the flower moon|2023": "tt5537002",
  "knives out|2019": "tt8946378",
  "kramer vs kramer|1979": "tt0079417",
  "la la land|2016": "tt3783958",
  "lawrence of arabia|1962": "tt0056172",
  "leaving las vegas|1995": "tt0113627",
  "mad max fury road|2015": "tt1392190",
  "malcolm x|1992": "tt0104797",
  "manchester by the sea|2016": "tt4985692",
  "marriage story|2019": "tt7653254",
  "mars mars express|2023": "tt26915336",
  "memories of murder|2003": "tt0353969",
  "midsommar|2019": "tt8772262",
  "modern times|1936": "tt0027977",
  "mr smith goes to washington|1939": "tt0031679",
  "mulholland drive|2001": "tt0166924",
  "nebraska|2013": "tt1821549",
  "network|1976": "tt0074958",
  "nights of cabiria|1957": "tt0050783",
  "nomadland|2020": "tt9770150",
  "oldboy|2003": "tt0364569",
  "once upon a time in america|1984": "tt0087843",
  "oppenheimer|2023": "tt15398776",
  "oslo august 31st|2011": "tt1736633",
  "pacific rim|2013": "tt1663662",
  "paris texas|1984": "tt0087884",
  "paths of glory|1957": "tt0050825",
  "phantom thread|2017": "tt5776858",
  "primer|2004": "tt0418909",
  "pulse kairo|2001": "tt0286751",
  "raw|2016": "tt4954522",
  "rise of the planet of the apes|2011": "tt1318514",
  "roma|2018": "tt6155172",
  "rosemary s baby|1968": "tt0063522",
  "safe|1995": "tt0114323",
  "scenes from a marriage|1973": "tt0070644",
  "selma|2014": "tt1020072",
  "shin godzilla|2016": "tt4262980",
  "shoplifters|2018": "tt8075192",
  "sideways|2004": "tt0375063",
  "silence|2016": "tt0490215",
  "singin in the rain|1952": "tt0045152",
  "something wild|1986": "tt0091983",
  "son of saul|2015": "tt3808342",
  "sorcerer|1977": "tt0076740",
  "speed racer|2008": "tt0811080",
  "spirited away|2001": "tt0245429",
  "still walking|2008": "tt1087578",
  "superman the movie|1978": "tt0078346",
  "swiss army man|2016": "tt4034354",
  "synecdoche new york|2008": "tt0383028",
  "the american|2010": "tt1440728",
  "the breakfast club|1985": "tt0088847",
  "the deer hunter|1978": "tt0077416",
  "the departed|2006": "tt0407887",
  "the fabelmans|2022": "tt14208870",
  "the farewell|2019": "tt8637428",
  "the florida project|2017": "tt5649144",
  "the fountainhead|1949": "tt0041386",
  "the gambler|1974": "tt0071534",
  "the handmaiden|2016": "tt4016934",
  "the hateful eight|2015": "tt3460252",
  "the housemaid|1960": "tt0053934",
  "the hunt|2012": "tt2106476",
  "the hurt locker|2008": "tt0887912",
  "the last jedi|2017": "tt2527336",
  "the lost weekend|1945": "tt0037884",
  "the master|2012": "tt1560747",
  "the meyerowitz stories|2017": "tt5536736",
  "the mirror|1975": "tt0072443",
  "the quiet man|1952": "tt0045061",
  "the rider|2017": "tt6217608",
  "the road|2009": "tt0898367",
  "the seventh seal|1958": "tt0050976",
  "the shape of water|2017": "tt5580390",
  "the shawshank redemption|1994": "tt0111161",
  "the shining|1980": "tt0081505",
  "the silence of the lambs|1991": "tt0102926",
  "the social network|2010": "tt1285016",
  "the squid and the whale|2005": "tt0367089",
  "the strangers prey at night|2018": "tt5638302",
  "the suicide squad|2021": "tt6334354",
  "the texas chain saw massacre|1974": "tt0072271",
  "the thing|1982": "tt0084787",
  "the third man|1949": "tt0041959",
  "the tree of life|2011": "tt1205537",
  "the wicker man|1973": "tt0070917",
  "the witch|2015": "tt4263482",
  "the zone of interest|2023": "tt7160372",
  "there will be blood|2007": "tt0469494",
  "titane|2021": "tt10944760",
  "uncle vanya nt live stage|2020": "tt13299678",
  "uncut gems|2019": "tt5727208",
  "under the skin|2013": "tt1441395",
  "valhalla rising|2009": "tt0862467",
  "vertigo|1958": "tt0052357",
  "videodrome|1983": "tt0086541",
  "waltz with bashir|2008": "tt1185616",
  "whiplash|2014": "tt2582802",
  "y tu mama tambien|2001": "tt0245574",
  "zodiac|2007": "tt0443706"
}